id,Name,titleProject_id,class,score,login,password
0,Сербин Геннадий Михаилович,7,8в,2,Сербин_ГМ,EoS6sYP2
1,Папандина Клавдия Яковлевна,304,9в,5,Папандина_КЯ,gvKr4dJ0
2,Белагина Галина Андреевна,396,9а,4,Белагина_ГА,0fRghOnw
3,Кижняева Анна Леонидовна,178,7и,2,Кижняева_АЛ,THRnG3ld
4,Цывин Олег Яковлевич,446,7т,2,Цывин_ОЯ,eFss5iiP
5,Жидняева Ксения Эдуардовна,373,7х,4,Жидняева_КЭ,Qj7ywoWS
6,Липковский Анатолий Иванович,144,10а,2,Липковский_АИ,2LaQEwVO
7,Меднова Наталья Богдановна,290,7и,5,Меднова_НБ,GJu7PekM
8,Житихин Вячеслав Романович,141,9а,5,Житихин_ВР,87Tk3oHp
9,Шеврина Полина Максимовна,33,11а,5,Шеврина_ПМ,5ua0n2jo
10,Алпеев Валентин Данилович,323,8а,2,Алпеев_ВД,4112kgM3
11,Золикова Клара Игоревна,364,10х,2,Золикова_КИ,d30z3DHT
12,Дориков Дмитрий Петрович,296,10г,5,Дориков_ДП,DY0B62XK
13,Корабышев Кирилл Михаилович,302,8и,5,Корабышев_КМ,sOrb6tej
14,Ростовиков Константин Николаевич,336,10а,2,Ростовиков_КН,VpadxsiD
15,Нехаев Дмитрий Фёдорович,129,7х,4,Нехаев_ДФ,o9hAzGWS
16,Зызлова Мария Николаевна,430,8г,3,Зызлова_МН,4FDmeYdC
17,Королупов Валерий Тимофеевич,397,10д,5,Королупов_ВТ,st8rTzi6
18,Стенцов Евгений Яковлевич,315,8и,4,Стенцов_ЕЯ,62uHym48
19,Феклисов Константин Виталиевич,270,9т,None,Феклисов_КВ,Ushp3Zy1
20,Синелев Руслан Тимофеевич,300,8и,2,Синелев_РТ,kCIKapcQ
21,Опевалова Вера Евгеньевна,473,9д,5,Опевалова_ВЕ,SA35kO86
22,Назерова Вероника Василевна,206,7б,5,Назерова_ВВ,Jh8rPdS0
23,Дименская Светлана Дмитриевна,387,9д,5,Дименская_СД,NpiunUUM
24,Ковторева Раиса Василевна,482,9и,2,Ковторева_РВ,e53yhJLs
25,Кулишнин Вячеслав Яковлевич,386,11х,5,Кулишнин_ВЯ,hIFmePFK
26,Лексин Кирилл Антонович,139,7в,5,Лексин_КА,7kIGrJ59
27,Лаковский Григорий Василиевич,240,7д,5,Лаковский_ГВ,NRzNUEi4
28,Барамыкова Александра Алексеевна,106,10а,3,Барамыкова_АА,E277lS0L
29,Плясулина Оксана Андреевна,346,8х,2,Плясулина_ОА,ciWUpvC6
30,Петрикеев Станислав Яковлевич,14,7и,4,Петрикеев_СЯ,YKCpkUEk
31,Моторыгин Илья Георгиевич,238,10и,5,Моторыгин_ИГ,qKSTC60Q
32,Рыков Тарас Павлович,174,10и,5,Рыков_ТП,jvj3NXMf
33,Иончикова Елизавета Егоровна,169,8д,5,Иончикова_ЕЕ,EEIl6ABC
34,Смолькина Алиса Егоровна,441,7г,5,Смолькина_АЕ,KQiKRZlb
35,Оболенин Герасим Павлович,472,7и,4,Оболенин_ГП,peRPLIqR
36,Трощинский Георгий Борисович,67,9д,3,Трощинский_ГБ,8NadeQnH
37,Поддубская Лиза Игоревна,496,10а,4,Поддубская_ЛИ,Lcbknnsv
38,Телькова Валерия Олеговна,335,7х,4,Телькова_ВО,uPUrysSh
39,Чигварина Александра Алексеевна,428,10б,2,Чигварина_АА,RIn3zK9m
40,Киреевский Артур Игоревич,119,7в,3,Киреевский_АИ,gWgB10YD
41,Шумейкин Роман Павлович,420,8в,5,Шумейкин_РП,IETydwGW
42,Трушинов Максим Алексиевич,82,8и,4,Трушинов_МА,TWT0Na4B
43,Голюков Денис Сергеевич,62,11б,4,Голюков_ДС,GKHjW82k
44,Хлиманкова Надежда Валерьевна,461,10б,3,Хлиманкова_НВ,mxTX5EjT
45,Кулаженков Алексей Олегович,367,10в,2,Кулаженков_АО,BSq9v9DJ
46,Бутукин Владимир Адамович,221,7х,5,Бутукин_ВА,o5NomH95
47,Поддуев Леонид Олегович,149,9х,4,Поддуев_ЛО,jf5O4qvN
48,Ревцев Василий Павлович,360,9х,5,Ревцев_ВП,bgKeEUcO
49,Старокожев Артём Юрьевич,46,8д,3,Старокожев_АЮ,L0D1brUM
50,Светошев Максим Михаилович,321,10х,2,Светошев_ММ,MgL4CnAM
51,Старынина Кристина Федоровна,266,9д,3,Старынина_КФ,2fY85Kxs
52,Востров Дмитрий Денисович,282,9г,3,Востров_ДД,ZkeHcSgk
53,Бураханова Анастасия Леонидовна,16,8г,2,Бураханова_АЛ,DPukOYeN
54,Понизов Виктор Кириллович,214,11и,5,Понизов_ВК,PzhxnXLC
55,Суздалев Валерий Алексеевич,66,11т,5,Суздалев_ВА,hGTwCBLZ
56,Колендин Дмитрий Алексеевич,153,10в,4,Колендин_ДА,udsi5qcH
57,Сулькова Екатерина Андреевна,325,8и,4,Сулькова_ЕА,YGPRPlJv
58,Аржевитова Надежда Федоровна,242,10в,2,Аржевитова_НФ,a56NuADs
59,Крассов Валерий Олегович,201,8х,5,Крассов_ВО,JZKdZqfU
60,Сонураева Инна Андреевна,450,9т,3,Сонураева_ИА,074Xrnbb
61,Пашин Роман Вадимович,204,10д,2,Пашин_РВ,7xZ8WAKV
62,Фичкина Евгения Федоровна,29,11д,3,Фичкина_ЕФ,wyBaMGHV
63,Свилин Олег Виталиевич,123,8в,2,Свилин_ОВ,VFhwDhIE
64,Рогоцкий Андрей Адамович,142,9в,2,Рогоцкий_АА,rwt2SE9X
65,Ахантьев Игорь Валериевич,80,10д,5,Ахантьев_ИВ,NQhHDaaN
66,Сочиникова Ксения Кирилловна,100,10д,2,Сочиникова_КК,12O1hM55
67,Остюков Артур Романович,329,11и,3,Остюков_АР,S0LYK6Mt
68,Брюкина Оксана Викторовна,98,8в,5,Брюкина_ОВ,FN9Ijf3o
69,Кузовенков Игорь Юрьевич,322,9г,None,Кузовенков_ИЮ,ZnJcE35v
70,Калухов Тарас Иванович,207,11а,3,Калухов_ТИ,sokw5RKG
71,Батыров Пётр Виталиевич,227,7и,3,Батыров_ПВ,fggkCZNx
72,Озрина Катерина Валерьевна,147,10а,4,Озрина_КВ,CCcQt8fg
73,Декалова Полина Леонидовна,470,11д,5,Декалова_ПЛ,WVAiZafC
74,Лосицкий Владимир Кириллович,369,9т,5,Лосицкий_ВК,fpX6jFDt
75,Магнусов Пётр Максимович,437,7и,5,Магнусов_ПМ,Th91KNAs
76,Лавренков Михаил Василиевич,188,9б,2,Лавренков_МВ,dnT3utUR
77,Шушкалова Вероника Алексеевна,411,8т,5,Шушкалова_ВА,E7vYLa01
78,Бороданова Маргарита Дмитриевна,118,7г,5,Бороданова_МД,CbOdjYTK
79,Циркина Виолетта Федоровна,231,9г,2,Циркина_ВФ,6GuqFCOr
80,Болохина Екатерина Андреевна,194,11д,3,Болохина_ЕА,SpHGxbad
81,Чукалова Дарья Валерьевна,20,10г,4,Чукалова_ДВ,D5EjHitK
82,Беловолов Степан Петрович,222,9д,2,Беловолов_СП,IUhEjQIm
83,Зудейкина Вероника Ивановна,166,8и,3,Зудейкина_ВИ,4MVlLfKS
84,Макунова Мария Борисовна,47,9в,5,Макунова_МБ,cmTtP2Mm
85,Верзанский Геннадий Андреевич,497,7д,5,Верзанский_ГА,Xwm5GQgW
86,Алтубин Ярослав Леонидович,414,10г,5,Алтубин_ЯЛ,HPBITRtD
87,Аузин Игорь Алексиевич,435,8х,5,Аузин_ИА,Zjuvr9xm
88,Калыгин Степан Тимофеевич,353,8и,2,Калыгин_СТ,qZLkQi6e
89,Дурныгина Полина Игоревна,72,8и,2,Дурныгина_ПИ,CYkewaS0
90,Антюфеева Александра Вадимовна,347,8и,2,Антюфеева_АВ,dw8UtT8K
91,Лощинский Борис Романович,210,10б,3,Лощинский_БР,m6dJHdzx
92,Ходорков Евгений Виталиевич,344,9г,5,Ходорков_ЕВ,3NtGBK2v
93,Кафорин Федор Данилович,427,10д,3,Кафорин_ФД,3RCsuIzM
94,Косынская Алиса Дмитриевна,40,9в,3,Косынская_АД,MKtXIggY
95,Беремцев Артём Антонович,434,11т,2,Беремцев_АА,IyIf7Yxc
96,Влянская Мария Андреевна,490,7т,4,Влянская_МА,v6FrFmR7
97,Мыгеева Лиза Василевна,280,8в,5,Мыгеева_ЛВ,v513TJlB
98,Акутникова Мария Алексеевна,173,11в,2,Акутникова_МА,iIhHL1iW
99,Карябкин Константин Максимович,89,7и,2,Карябкин_КМ,0WlfUmQq
100,Прилепина Яна Максимовна,30,10в,5,Прилепина_ЯМ,YiLFKllj
101,Ведищев Никита Георгиевич,365,7и,5,Ведищев_НГ,kZs87yv9
102,Самчева Вероника Борисовна,287,10г,3,Самчева_ВБ,tlAajioH
103,Пирцхалова Карина Леонидовна,452,10г,5,Пирцхалова_КЛ,Vrb7yaoH
104,Павлочев Денис Борисович,432,11д,5,Павлочев_ДБ,ctybGOZu
105,Арашкова Екатерина Евгеньевна,356,8х,None,Арашкова_ЕЕ,LnZeHmb2
106,Байсарова Людмила Василевна,215,11и,2,Байсарова_ЛВ,MWCPzbh7
107,Кудекина Зинаида Игоревна,250,10и,3,Кудекина_ЗИ,TKzuBF55
108,Дерналов Виталий Викторович,1,9г,4,Дерналов_ВВ,WiSBKPnR
109,Сазинова Галина Романовна,61,9и,3,Сазинова_ГР,keU0GjNv
110,Остаченова Марина Эдуардовна,229,9т,5,Остаченова_МЭ,c9spmAgV
111,Битюкова Яна Егоровна,488,9и,4,Битюкова_ЯЕ,oqBjQoW2
112,Иваницкий Константин Борисович,232,8д,5,Иваницкий_КБ,LdOvsFgZ
113,Белянский Владислав Игоревич,74,11б,5,Белянский_ВИ,o7mrmSF6
114,Баранкин Артём Алексеевич,382,9т,2,Баранкин_АА,e1gAHUog
115,Шкабанова Софья Вадимовна,499,9х,4,Шкабанова_СВ,wjH3h3sk
116,Полозлов Денис Адамович,155,8т,3,Полозлов_ДА,hbudtpRq
117,Жунина Светлана Михайловна,162,8в,3,Жунина_СМ,QR2NKLpW
118,Пантыкин Борис Игоревич,245,9х,2,Пантыкин_БИ,S0iAArmp
119,Доутова Марина Богдановна,189,11х,2,Доутова_МБ,vpXG7N4a
120,Трещалова Яна Андреевна,330,8б,3,Трещалова_ЯА,grlOL313
121,Ивашечкин Александр Данилович,390,10т,4,Ивашечкин_АД,kEmmd8OP
122,Мазьянова Инна Богдановна,416,11в,4,Мазьянова_ИБ,IWafPh2J
123,Корогев Николай Евгеньевич,184,8б,5,Корогев_НЕ,WVpmTctV
124,Заидова Галина Максимовна,88,9т,4,Заидова_ГМ,i3XmDDhk
125,Рамхин Кирилл Алексиевич,459,9х,4,Рамхин_КА,gs84iDwF
126,Кизбабаев Эдуард Фёдорович,415,11т,2,Кизбабаев_ЭФ,rqZMuk9e
127,Соурчаков Ярослав Валериевич,268,8б,2,Соурчаков_ЯВ,L33zcOko
128,Мотяшева Алена Михайловна,404,7т,2,Мотяшева_АМ,5TZjJYpz
129,Горшкова Наталия Яковлевна,340,11а,2,Горшкова_НЯ,OLC1DfZI
130,Зябрицкий Игорь Виталиевич,332,7а,5,Зябрицкий_ИВ,wEWYEVLu
131,Шельдяев Игорь Юриевич,97,7д,5,Шельдяев_ИЮ,UZZ1JSLS
132,Шмелькин Максим Викторович,483,9т,5,Шмелькин_МВ,3gyrxzF8
133,Жалкин Алексей Алексеевич,43,7а,3,Жалкин_АА,deP3xs6h
134,Худасов Денис Максимович,70,10д,2,Худасов_ДМ,gLybEwAi
135,Швичкова Наталья Эдуардовна,398,7г,4,Швичкова_НЭ,70BtmvVU
136,Едская Жанна Валерьевна,436,11в,4,Едская_ЖВ,Bk61s1a1
137,Поморзина Полина Евгеньевна,122,7д,4,Поморзина_ПЕ,mVWJr4lw
138,Будачева Кира Олеговна,55,11х,4,Будачева_КО,zcNL0ejP
139,Молкаев Василий Валериевич,216,8д,2,Молкаев_ВВ,UqXNfDKa
140,Яцынин Константин Тимофеевич,285,7г,2,Яцынин_КТ,HSb7xxFB
141,Маховиков Василий Петрович,391,7х,4,Маховиков_ВП,OqDPqIKv
142,Шаметова Евгения Вадимовна,463,7а,2,Шаметова_ЕВ,b2RYtr0L
143,Законнова Жанна Евгеньевна,442,11и,None,Законнова_ЖЕ,4tmUEpXB
144,Перчихин Аркадий Тимофеевич,164,10т,3,Перчихин_АТ,JYuRLxs1
145,Бурдасова Ксения Игоревна,203,9а,3,Бурдасова_КИ,j2jh9eYM
146,Киссин Степан Иванович,251,7х,5,Киссин_СИ,fFtHHNDn
147,Вапилина Мария Егоровна,77,7д,2,Вапилина_МЕ,SYJpOcKs
148,Сигутина Дарья Федоровна,458,7б,2,Сигутина_ДФ,3NVNYNue
149,Сошьяков Альберт Фёдорович,17,7т,4,Сошьяков_АФ,01yKkRA7
150,Лугахина Клара Вадимовна,419,8в,4,Лугахина_КВ,1zQQLFKe
151,Логецкий Анатолий Виталиевич,372,11б,4,Логецкий_АВ,zfer8Q9a
152,Ковайкова Юлия Егоровна,75,10г,2,Ковайкова_ЮЕ,2FZ00qj7
153,Вермутский Валерий Петрович,447,9и,5,Вермутский_ВП,I9sBRZLc
154,Россомахов Олег Юриевич,56,8в,2,Россомахов_ОЮ,1XhwCnce
155,Циплакова Екатерина Егоровна,471,9б,5,Циплакова_ЕЕ,yGbX8zFL
156,Квятцева Алла Никитична,138,11в,2,Квятцева_АН,xfFs4YfN
157,Выхухолева Лариса Василевна,384,8б,5,Выхухолева_ЛВ,t00dqYoy
158,Целохов Андрей Вадимович,433,8и,5,Целохов_АВ,YrReS0rY
159,Бендин Иван Яковлевич,71,8и,4,Бендин_ИЯ,dhhTfrZE
160,Лазученков Василий Алексеевич,381,7х,2,Лазученков_ВА,erNKCLnx
161,Скоропухов Михаил Василиевич,69,10и,3,Скоропухов_МВ,GebarrWf
162,Мухонкин Тарас Романович,126,9и,4,Мухонкин_ТР,8ZRCdG4d
163,Камерцев Владимир Кириллович,303,7а,3,Камерцев_ВК,u3BO4q91
164,Сандрыкина Анна Олеговна,324,10т,2,Сандрыкина_АО,7mNKgfo2
165,Недбайлов Алексей Денисович,15,7т,2,Недбайлов_АД,wNgkSVl7
166,Серпков Ярослав Георгиевич,380,10б,4,Серпков_ЯГ,khN4Q5l4
167,Хатшуклов Аркадий Николаевич,42,11т,4,Хатшуклов_АН,ATCq3ApY
168,Литвалиева Алиса Егоровна,10,11и,3,Литвалиева_АЕ,VADUovG2
169,Енесина Лиза Валерьевна,293,9б,5,Енесина_ЛВ,8DNcPzaa
170,Пикальков Эдуард Алексиевич,21,8д,5,Пикальков_ЭА,6RBQqLUD
171,Сачинский Валентин Кириллович,125,10т,2,Сачинский_ВК,GhMGNVnA
172,Тарзанова Евгения Аркадьевна,96,9д,2,Тарзанова_ЕА,kiRY3saJ
173,Лапундин Юрий Игоревич,267,8и,5,Лапундин_ЮИ,5o8nzuDa
174,Личева Лиза Михайловна,453,9б,3,Личева_ЛМ,wwqDEgJL
175,Смароверов Яков Борисович,131,11в,4,Смароверов_ЯБ,C5FK3jlo
176,Вереина Алла Василевна,295,10и,3,Вереина_АВ,6b8uHDmC
177,Погиблева Дарья Леонидовна,283,9в,5,Погиблева_ДЛ,adwEU6qC
178,Байнова Анастасия Вадимовна,363,7б,3,Байнова_АВ,6qsHt5D5
179,Шиловский Вячеслав Максимович,438,9и,4,Шиловский_ВМ,kSK1Npr3
180,Сыждиков Пётр Василиевич,494,11х,5,Сыждиков_ПВ,5T9e6FYw
181,Каценова Алёна Эдуардовна,165,11т,2,Каценова_АЭ,sC6rPGez
182,Мужицких Ева Олеговна,348,8х,3,Мужицких_ЕО,oAkVnm44
183,Плеснецов Степан Юрьевич,22,10а,2,Плеснецов_СЮ,k6PeU1DD
184,Игумнова Алёна Сергеевна,114,9д,4,Игумнова_АС,dEeN00Tj
185,Хадаров Владимир Валериевич,278,11т,5,Хадаров_ВВ,tJuNiYry
186,Ступакова Кира Ивановна,421,8и,3,Ступакова_КИ,ZBFfXEIZ
187,Шоленинов Федор Максимович,286,11т,4,Шоленинов_ФМ,t7lAsnZW
188,Гундаров Руслан Николаевич,158,9д,4,Гундаров_РН,5k4FsvOE
189,Гречишева Марина Андреевна,464,7д,2,Гречишева_МА,8urqzF9r
190,Утилова Алена Андреевна,253,11д,3,Утилова_АА,lUNufpLa
191,Роткичева Алиса Максимовна,410,10а,4,Роткичева_АМ,LI3ShH7Z
192,Колтышева Марина Вадимовна,87,11г,4,Колтышева_МВ,zLPKRSx4
193,Гурычева Лариса Валерьевна,489,9б,2,Гурычева_ЛВ,YgKZwfkC
194,Горцева Кристина Никитична,246,8и,4,Горцева_КН,phnpe3bZ
195,Кутурин Геннадий Денисович,197,9в,2,Кутурин_ГД,vTDEsd0q
196,Стефанков Яков Евгеньевич,318,10г,3,Стефанков_ЯЕ,U7W6sJvQ
197,Множина Людмила Василевна,90,8б,2,Множина_ЛВ,xgM5HwNH
198,Семисалов Георгий Иванович,316,9в,3,Семисалов_ГИ,V7o3gN4r
199,Рогалов Альберт Валериевич,327,9б,2,Рогалов_АВ,KEI9n1v1
200,Черетаева Анастасия Олеговна,341,9б,2,Черетаева_АО,GcnjttaC
201,Радоминова Любовь Игоревна,25,9и,5,Радоминова_ЛИ,FIVKl03N
202,Шувырина Лиза Андреевна,395,9а,5,Шувырина_ЛА,mAqjWRlv
203,Калиженков Семён Алексеевич,401,11а,4,Калиженков_СА,zzYEMd1u
204,Старокашин Константин Петрович,309,10а,3,Старокашин_КП,7KI21PUr
205,Малтоцов Аркадий Яковлевич,218,8а,3,Малтоцов_АЯ,6YiINrmD
206,Кузеванова Ева Егоровна,116,7д,2,Кузеванова_ЕЕ,AYJotVp3
207,Нурулина Алёна Егоровна,284,9х,2,Нурулина_АЕ,uGUh38ud
208,Лератов Герасим Сергеевич,374,10а,4,Лератов_ГС,4YlBjzVQ
209,Людин Руслан Аркадиевич,498,7и,3,Людин_РА,Gng0UlBI
210,Пурин Виктор Данилович,154,8и,5,Пурин_ВД,gwdEgdpi
211,Лютов Виктор Юрьевич,288,11г,2,Лютов_ВЮ,mZBL4wLg
212,Марюшкина Яна Федоровна,345,10д,5,Марюшкина_ЯФ,7SWJ4dct
213,Томилова Кристина Михайловна,492,11б,3,Томилова_КМ,9NA8n6C2
214,Дистерев Валерий Валериевич,24,7г,3,Дистерев_ВВ,u7jNcG9g
215,Дочкин Геннадий Алексиевич,52,11и,5,Дочкин_ГА,EX8jwkaD
216,Иняхин Руслан Сергеевич,234,7и,5,Иняхин_РС,HRPZcZhh
217,Знайкова Раиса Егоровна,148,11х,3,Знайкова_РЕ,u5MGoBAu
218,Кашавцев Аркадий Леонидович,58,7а,4,Кашавцев_АЛ,Jq79QdYd
219,Пятернина Кристина Андреевна,445,7и,2,Пятернина_КА,q0wHLaRf
220,Гусеева Карина Викторовна,263,9и,2,Гусеева_КВ,IXNcceCl
221,Кастева Яна Сергеевна,108,7и,2,Кастева_ЯС,XGDoeKJd
222,Гришанин Тарас Павлович,113,10т,2,Гришанин_ТП,t6mg0Mo9
223,Грамоткин Илья Викторович,195,8д,5,Грамоткин_ИВ,5KscN0a4
224,Мелисин Геннадий Василиевич,465,10г,2,Мелисин_ГВ,TlIXGhDT
225,Цинина Светлана Яковлевна,105,11г,5,Цинина_СЯ,6FPKbg2y
226,Петов Георгий Адамович,57,9а,2,Петов_ГА,VEJo13t2
227,Реева Валентина Максимовна,146,11и,5,Реева_ВМ,nqhH5rwO
228,Слесивых Мария Аркадьевна,35,7и,5,Слесивых_МА,IqmCRWVD
229,Афтаева Полина Ивановна,193,10д,5,Афтаева_ПИ,wPEVttSH
230,Кривицкий Валентин Виталиевич,208,8х,5,Кривицкий_ВВ,kE8KeurF
231,Чубатов Константин Леонидович,279,11а,4,Чубатов_КЛ,gxMnsbS3
232,Партенков Геннадий Павлович,418,8х,3,Партенков_ГП,3MGjsSyt
233,Черушев Григорий Борисович,84,7г,4,Черушев_ГБ,O37GrG9a
234,Тютекин Георгий Тимофеевич,262,7а,2,Тютекин_ГТ,SL2oj1w7
235,Янкевский Вячеслав Адамович,167,11г,4,Янкевский_ВА,USgVqEFm
236,Сухручкина Клавдия Аркадьевна,177,7в,4,Сухручкина_КА,8pWMo8Bm
237,Конофалова Клара Петровна,95,11д,5,Конофалова_КП,U54kDdZ8
238,Лигасов Михаил Павлович,491,11г,4,Лигасов_МП,n3XVA6Sv
239,Писарьков Альберт Игоревич,313,8в,4,Писарьков_АИ,olwdYobs
240,Варов Кирилл Иванович,28,8а,5,Варов_КИ,e4d97vt6
241,Пурынов Евгений Петрович,244,9и,3,Пурынов_ЕП,xjHCDVxu
242,Супрутская Вероника Викторовна,187,9а,2,Супрутская_ВВ,KV0sS7gN
243,Скроцкая Алина Федоровна,127,8г,3,Скроцкая_АФ,dXtoVZlB
244,Барадулин Вадим Юрьевич,281,11х,3,Барадулин_ВЮ,1aZ5r8jh
245,Точилин Дмитрий Фёдорович,476,8а,2,Точилин_ДФ,fQibQxwQ
246,Бикмуллин Руслан Валериевич,333,11т,2,Бикмуллин_РВ,SVrm9IqB
247,Серпичев Василий Алексиевич,394,10х,5,Серпичев_ВА,ETPBQGal
248,Вострышев Яков Аркадиевич,343,8г,5,Вострышев_ЯА,cPTHbcdr
249,Грушчева София Евгеньевна,480,11в,None,Грушчева_СЕ,8rYrLQCs
250,Кулапов Александр Юрьевич,109,9б,5,Кулапов_АЮ,CgJ6hIT2
251,Чибисенков Владислав Фёдорович,375,8х,3,Чибисенков_ВФ,eulp1Edg
252,Утилов Роман Василиевич,254,9х,2,Утилов_РВ,wNFDps0M
253,Татаурова Галина Федоровна,145,10т,4,Татаурова_ГФ,B1CrTkyk
254,Визавитина Наталия Леонидовна,101,10г,2,Визавитина_НЛ,zR1PSCGj
255,Мягченков Артём Денисович,115,7б,4,Мягченков_АД,uU7qqdsC
256,Брикова Инна Богдановна,256,9б,4,Брикова_ИБ,a775EfxJ
257,Наторкин Валентин Данилович,319,7и,2,Наторкин_ВД,n7vLVIpK
258,Эштрекова Софья Алексеевна,76,9в,3,Эштрекова_СА,A8BzK24y
259,Кутаманова Кира Андреевна,182,10т,2,Кутаманова_КА,5srQjsGM
260,Кыштымова Евгения Эдуардовна,255,8в,5,Кыштымова_ЕЭ,UBFAGM3l
261,Ккнязева Клавдия Дмитриевна,34,7б,5,Ккнязева_КД,WPfm9w5k
262,Глаголина Алиса Никитична,249,9д,2,Глаголина_АН,NVJDxDMv
263,Рисина Раиса Валерьевна,451,10а,4,Рисина_РВ,qEIs5xGe
264,Ребров Алексей Георгиевич,289,8и,3,Ребров_АГ,IQcjUNu9
265,Вырысалова Александра Евгеньевна,39,11и,2,Вырысалова_АЕ,SWeffqEX
266,Гомольский Владимир Юриевич,314,11х,5,Гомольский_ВЮ,Q6FklZLt
267,Швинова Марина Федоровна,271,8г,5,Швинова_МФ,DemNcu7p
268,Рудковская Инна Дмитриевна,6,7т,3,Рудковская_ИД,sWPm24Mb
269,Решеткина Дарья Василевна,408,10и,3,Решеткина_ДВ,rNuZr2EX
270,Евстихеев Игорь Василиевич,422,10х,5,Евстихеев_ИВ,2sE9oj1P
271,Лазарина Алёна Федоровна,161,8б,3,Лазарина_АФ,mJFrUstr
272,Гляченков Григорий Николаевич,431,10а,5,Гляченков_ГН,Y32C1rTc
273,Чардынцева Алина Вадимовна,135,10д,3,Чардынцева_АВ,TYPcMtZn
274,Скаредов Яков Иванович,337,9т,5,Скаредов_ЯИ,ubm2VppJ
275,Юрицкий Эдуард Денисович,192,7д,3,Юрицкий_ЭД,qn7ayrqD
276,Кравчина Светлана Аркадьевна,413,11г,5,Кравчина_СА,RpUErzv4
277,Чмареткова Полина Вадимовна,449,10а,2,Чмареткова_ПВ,gKWWzHsb
278,Углова Галина Романовна,260,9г,3,Углова_ГР,2fU7HX4H
279,Згуровская Виктория Андреевна,220,9т,4,Згуровская_ВА,3wvJZMGX
280,Секерский Станислав Сергеевич,235,10а,4,Секерский_СС,7VnwqYIp
281,Жевайкин Евгений Адамович,86,11г,3,Жевайкин_ЕА,LJAdnMeJ
282,Коточигов Семён Игоревич,26,9д,5,Коточигов_СИ,oTUc9Zp7
283,Калонин Альберт Денисович,297,8б,2,Калонин_АД,MIxzYzsc
284,Валягин Григорий Антонович,94,10в,4,Валягин_ГА,9e4TeNx4
285,Коцева Кристина Николаевна,412,9г,3,Коцева_КН,rcOHLKbJ
286,Голина Кристина Максимовна,3,7х,3,Голина_КМ,NSfuwNpX
287,Батрамеев Анатолий Романович,354,9х,3,Батрамеев_АР,Z1Y0PyAz
288,Чикмарев Валентин Валериевич,306,9и,5,Чикмарев_ВВ,R3ZHvIdy
289,Киницына Валерия Олеговна,202,7х,4,Киницына_ВО,3HrwbBNK
290,Числин Юрий Денисович,121,7в,2,Числин_ЮД,ZmDJaetd
291,Стебунова Юлия Романовна,358,9т,3,Стебунова_ЮР,T4yDE1Sc
292,Кацов Павел Павлович,236,10г,5,Кацов_ПП,5HBp70EE
293,Гоцев Тарас Викторович,41,8в,3,Гоцев_ТВ,IokJ03sf
294,Мотовицкий Роман Аркадиевич,31,11и,5,Мотовицкий_РА,VDt5uQ5g
295,Чурзина Клара Егоровна,308,10б,3,Чурзина_КЕ,u4VobYs3
296,Щепалкина Валерия Сергеевна,134,9б,4,Щепалкина_ВС,JNEXm73x
297,Утимишев Ярослав Игоревич,239,11а,3,Утимишев_ЯИ,LdcZPdjU
298,Алуханов Кирилл Фёдорович,298,7т,2,Алуханов_КФ,vrsX1D45
299,Полунеев Валентин Валериевич,307,8и,2,Полунеев_ВВ,jFFyfEZW
300,Крупенова Наталия Андреевна,209,7в,5,Крупенова_НА,09Sz1E36
301,Корнюшин Илья Юрьевич,44,10т,3,Корнюшин_ИЮ,DlaTo2Mv
302,Паушева Виолетта Никитична,310,8г,4,Паушева_ВН,pvAOF7Da
303,Берзин Герасим Антонович,349,11т,5,Берзин_ГА,qjjb0DHB
304,Шулунова Алла Алексеевна,54,7д,4,Шулунова_АА,tEj2hCte
305,Трепашова София Яковлевна,399,11а,2,Трепашова_СЯ,GxiaCvQ7
306,Чумейкин Константин Антонович,8,8б,5,Чумейкин_КА,Z2kpZwBd
307,Польшиков Денис Игоревич,495,9и,2,Польшиков_ДИ,1fO0GeMu
308,Медоусова Жанна Романовна,252,7б,2,Медоусова_ЖР,qYFJWwMi
309,Акуратова Клавдия Андреевна,92,9г,5,Акуратова_КА,aS8THLvY
310,Курмеева Елизавета Валерьевна,486,8а,5,Курмеева_ЕВ,iKUXolB2
311,Бадов Александр Аркадиевич,217,10г,3,Бадов_АА,1BryRC3Y
312,Бакушин Эдуард Адамович,265,7б,5,Бакушин_ЭА,pRvM9glX
313,Чебина Инна Сергеевна,273,10т,2,Чебина_ИС,8ezpDMSV
314,Подледнова Наталья Ивановна,112,11и,3,Подледнова_НИ,DxEjFLkY
315,Садгеева Лиза Евгеньевна,460,11г,3,Садгеева_ЛЕ,DpQS5Ukj
316,Акушин Борис Павлович,493,9т,2,Акушин_БП,3Ape82hr
317,Аришев Руслан Кириллович,379,10т,3,Аришев_РК,xNEHoC94
318,Гуслова Кристина Олеговна,389,9в,2,Гуслова_КО,tsalMpom
319,Глоточкина Оксана Аркадьевна,370,9и,5,Глоточкина_ОА,Je1gqLiw
320,Шапина Маргарита Романовна,163,8б,5,Шапина_МР,cYKRByb7
321,Дурылин Георгий Валериевич,261,11т,4,Дурылин_ГВ,gkhDB7V0
322,Болкисева Анна Викторовна,248,7х,4,Болкисева_АВ,RQeYd8zy
323,Багапов Вячеслав Сергеевич,99,7д,4,Багапов_ВС,aBpyVcEA
324,Люцарева Яна Аркадьевна,376,11б,2,Люцарева_ЯА,HRzJVmz5
325,Боготынина София Егоровна,63,11б,5,Боготынина_СЕ,r6fGNNR2
326,Саюшкин Игорь Алексиевич,211,11х,5,Саюшкин_ИА,gPJ1ijHL
327,Потешных Тамара Николаевна,468,11в,3,Потешных_ТН,7y2g3ebR
328,Незлина Жанна Василевна,426,8б,5,Незлина_ЖВ,GPPbC5Wa
329,Федичева Вероника Кирилловна,37,7х,4,Федичева_ВК,qS7NOUMr
330,Пустынкин Вадим Антонович,388,10в,5,Пустынкин_ВА,PabwdD1V
331,Аринакова Ирина Михайловна,150,8в,5,Аринакова_ИМ,dqxHGYkq
332,Обиралкова Мария Егоровна,294,11т,5,Обиралкова_МЕ,yk085K9Q
333,Аристарова Валентина Максимовна,443,11г,2,Аристарова_ВМ,qk8btDrC
334,Яуров Герасим Юрьевич,38,9а,5,Яуров_ГЮ,e1vQUK89
335,Духонькин Вячеслав Фёдорович,2,9в,4,Духонькин_ВФ,TTm4hL8I
336,Гвасков Евгений Михаилович,402,9в,5,Гвасков_ЕМ,hptYtOlY
337,Жабынина Галина Николаевна,185,7х,5,Жабынина_ГН,nnDmpc5z
338,Шерюкова Виолетта Романовна,440,9б,4,Шерюкова_ВР,gohPboHP
339,Колокатов Пётр Евгеньевич,484,10в,3,Колокатов_ПЕ,QPtwL7GV
340,Шайдуков Андрей Михаилович,317,9и,4,Шайдуков_АМ,PyL10ZID
341,Смирнягина Дарья Игоревна,425,10в,4,Смирнягина_ДИ,O0F7QKnb
342,Штырева Ева Олеговна,258,11и,2,Штырева_ЕО,p5F3XhG4
343,Ашукин Вячеслав Михаилович,191,10т,4,Ашукин_ВМ,Tm71n2AN
344,Рубченкова Галина Алексеевна,190,9в,3,Рубченкова_ГА,5smnCPFN
345,Зархин Иван Алексиевич,478,11и,5,Зархин_ИА,xte0eYyh
346,Адиотов Дмитрий Павлович,156,7б,3,Адиотов_ДП,gg9zjxaU
347,Тищенкова Раиса Валерьевна,79,7д,3,Тищенкова_РВ,lY75y5dV
348,Лозеев Илья Петрович,205,10д,2,Лозеев_ИП,lfBYW200
349,Кобяшов Герасим Михаилович,305,11т,2,Кобяшов_ГМ,0AwrtR3T
350,Ронова Клавдия Валерьевна,107,7и,4,Ронова_КВ,WqhS0Y9x
351,Стрижнов Алексей Евгеньевич,385,11г,3,Стрижнов_АЕ,Eg1RoxnL
352,Волынский Алексей Виталиевич,362,11т,5,Волынский_АВ,d0Tzaswv
353,Машонский Василий Данилович,23,9д,5,Машонский_ВД,wXmff6FG
354,Буриева Зинаида Аркадьевна,104,11д,4,Буриева_ЗА,u6Y25p43
355,Борщина Алёна Ивановна,377,11а,5,Борщина_АИ,49pFKopa
356,Белчков Олег Иванович,275,10а,4,Белчков_ОИ,Hog4l7PU
357,Остропиков Альберт Данилович,157,8г,2,Остропиков_АД,R40FYFk2
358,Оргонова Любовь Максимовна,264,7б,4,Оргонова_ЛМ,pGZ9dlEn
359,Мальков Юрий Евгеньевич,228,7г,3,Мальков_ЮЕ,ac2bfYSY
360,Свльхова Наталья Вадимовна,160,9т,5,Свльхова_НВ,Bq1W6BSE
361,Мякушков Герасим Леонидович,102,10т,3,Мякушков_ГЛ,czghfknR
362,Межуев Георгий Юриевич,355,8г,4,Межуев_ГЮ,dg7m7vTO
363,Чериншев Александр Сергеевич,439,8а,2,Чериншев_АС,fxxseTZH
364,Муниров Алексей Андреевич,117,11г,3,Муниров_АА,H1EmpgPx
365,Климухин Руслан Романович,269,10в,3,Климухин_РР,c3msHMHa
366,Дембская Екатерина Никитична,64,11б,4,Дембская_ЕН,7LNRFBvW
367,Тюнеев Яков Фёдорович,417,10т,2,Тюнеев_ЯФ,j9EEOUkB
368,Трушитин Антон Данилович,168,9х,3,Трушитин_АД,ZjoYCU3r
369,Балакишиев Роман Алексиевич,143,11х,5,Балакишиев_РА,XOuNREhe
370,Немтюрева Валерия Аркадьевна,12,10г,4,Немтюрева_ВА,KfUlwVQi
371,Складанова Клавдия Аркадьевна,257,9а,3,Складанова_КА,9rvElhBC
372,Заходина Полина Леонидовна,93,10д,4,Заходина_ПЛ,BTK0tSr5
373,Муринов Анатолий Борисович,171,11б,5,Муринов_АБ,skRO3zZh
374,Гришалова Любовь Евгеньевна,301,8т,3,Гришалова_ЛЕ,A7DlNl1O
375,Ситчихин Станислав Георгиевич,247,8т,5,Ситчихин_СГ,ffhgerS5
376,Просяных Георгий Василиевич,366,9в,2,Просяных_ГВ,QhyMW5mc
377,Дзабиев Григорий Георгиевич,259,11д,5,Дзабиев_ГГ,aFBnmaHu
378,Рыбаулин Григорий Алексеевич,140,11а,5,Рыбаулин_ГА,HoIJqOq1
379,Тупиева Екатерина Ивановна,400,7д,2,Тупиева_ЕИ,7nkZlXPT
380,Куверчева Алена Ивановна,170,10д,3,Куверчева_АИ,cOEw4yWP
381,Цаблинова Виктория Богдановна,342,9г,4,Цаблинова_ВБ,4P23oDJJ
382,Синенков Григорий Леонидович,230,9в,5,Синенков_ГЛ,DeKqO3Mf
383,Лизункин Артур Олегович,4,11в,5,Лизункин_АО,U7GV9psf
384,Славущева Александра Эдуардовна,81,8а,5,Славущева_АЭ,BRlLE0MI
385,Шахвердов Дмитрий Антонович,132,11б,2,Шахвердов_ДА,WldlOAFZ
386,Рапацкая Ольга Ивановна,223,10г,3,Рапацкая_ОИ,XOki3ZSg
387,Сторокожев Виталий Аркадиевич,159,9б,2,Сторокожев_ВА,seromr7P
388,Половодов Кирилл Николаевич,18,8т,5,Половодов_КН,reCEwd36
389,Халтанова Алена Дмитриевна,49,8б,3,Халтанова_АД,ImvzNg9v
390,Заложнев Роман Фёдорович,448,8в,4,Заложнев_РФ,UzJFR3rl
391,Рыжих Кристина Аркадьевна,213,7а,4,Рыжих_КА,Vlc7cwUk
392,Буров Руслан Игоревич,405,11и,5,Буров_РИ,8U5Yw5lh
393,Гачков Виталий Евгеньевич,277,9т,4,Гачков_ВЕ,E2GfUTRR
394,Кадилов Геннадий Борисович,225,10в,3,Кадилов_ГБ,nzsyyLeW
395,Гликина Алёна Эдуардовна,454,9б,3,Гликина_АЭ,1KlmLhOD
396,Ичкинина Любовь Андреевна,299,8г,5,Ичкинина_ЛА,wJIKx7BD
397,Мозшорина Кира Дмитриевна,65,8б,3,Мозшорина_КД,ndvwMQHZ
398,Брижеватов Константин Борисович,152,11т,2,Брижеватов_КБ,mEAoW2A4
399,Бучеров Тарас Викторович,429,10д,4,Бучеров_ТВ,l2vIjfNJ
400,Мисютина Валерия Эдуардовна,368,9г,2,Мисютина_ВЭ,xsGrIgey
401,Льянов Федор Вадимович,328,8а,4,Льянов_ФВ,V6bUgcFL
402,Щуркин Георгий Яковлевич,180,8в,4,Щуркин_ГЯ,3xk6rMuU
403,Акулин Федор Адамович,241,10г,4,Акулин_ФА,tINMXCFM
404,Волженкова Екатерина Ивановна,233,9д,4,Волженкова_ЕИ,VLHmAVDT
405,Махометова София Викторовна,424,8и,3,Махометова_СВ,GpMI3OLs
406,Зызлов Геннадий Антонович,274,7в,3,Зызлов_ГА,1w5lBKFf
407,Девляшова Кира Олеговна,51,11д,5,Девляшова_КО,4Z4ySRW6
408,Яковкина Алена Никитична,320,9т,5,Яковкина_АН,ELQAX7sk
409,Бузулев Вадим Николаевич,331,10д,3,Бузулев_ВН,bTNpX0J8
410,Ганельский Юрий Юриевич,474,9д,3,Ганельский_ЮЮ,2Lvm2KNR
411,Шкапрова Ева Ивановна,371,7б,5,Шкапрова_ЕИ,IUTYZglw
412,Чичирин Владимир Георгиевич,11,10а,4,Чичирин_ВГ,7q7lcvPI
413,Шилова Надежда Викторовна,124,9б,2,Шилова_НВ,tct3CcOn
414,Коваев Руслан Михаилович,487,9т,3,Коваев_РМ,37mDORat
415,Саверина Надежда Андреевна,407,11б,4,Саверина_НА,AsIBYhgf
416,Тишанкин Олег Адамович,334,9д,3,Тишанкин_ОА,exIuAvNc
417,Широпаев Валерий Сергеевич,406,9б,2,Широпаев_ВС,T6HcMm8h
418,Щепанин Олег Адамович,226,7а,3,Щепанин_ОА,VmzavnvS
419,Оплетин Владислав Аркадиевич,361,10х,4,Оплетин_ВА,P0IZRsiN
420,Оденова Карина Андреевна,409,8и,4,Оденова_КА,O95am1kY
421,Семагин Альберт Андреевич,456,10х,4,Семагин_АА,0Bs1OpMW
422,Черданцева Анастасия Олеговна,128,8х,3,Черданцева_АО,3MFhmzkH
423,Лонцова Елизавета Эдуардовна,224,7х,3,Лонцова_ЕЭ,rfa1EkKP
424,Сарсекеева Алёна Никитична,462,11и,4,Сарсекеева_АН,M3arivuS
425,Аковецкий Антон Евгеньевич,500,8б,4,Аковецкий_АЕ,R6aN0pGL
426,Аратский Станислав Борисович,351,9и,2,Аратский_СБ,xJxHcJOY
427,Чужриков Пётр Денисович,200,9в,3,Чужриков_ПД,443dYoah
428,Никитшин Алексей Кириллович,111,11и,3,Никитшин_АК,9SV5tdsU
429,Симендяев Василий Алексиевич,45,8д,4,Симендяев_ВА,tfBlYNUa
430,Ошитков Максим Сергеевич,151,10г,4,Ошитков_МС,n7gOQqfg
431,Юрасов Евгений Романович,338,9и,3,Юрасов_ЕР,OGAm6WYf
432,Головяшин Павел Юриевич,179,7г,5,Головяшин_ПЮ,w6TV2ZfL
433,Манжурина Екатерина Сергеевна,219,7т,3,Манжурина_ЕС,8RO8jfPQ
434,Никурашин Олег Евгеньевич,291,11х,2,Никурашин_ОЕ,q3XiWHql
435,Бехтерев Федор Вадимович,137,9х,3,Бехтерев_ФВ,3ZTmwqcA
436,Годлевская Катерина Дмитриевна,403,11г,3,Годлевская_КД,YgnNNMpo
437,Акиярова Алина Эдуардовна,9,11а,4,Акиярова_АЭ,f8MFxMxb
438,Милина Алена Петровна,359,8г,3,Милина_АП,wDBekWT5
439,Воловин Борис Викторович,350,7т,2,Воловин_БВ,BECGlUrb
440,Туморина Ксения Федоровна,133,8б,5,Туморина_КФ,VDp6G82N
441,Желейков Вячеслав Яковлевич,199,8г,3,Желейков_ВЯ,9TW0mkKZ
442,Шишорнина Екатерина Алексеевна,183,8т,3,Шишорнина_ЕА,ivTgZrGz
443,Юумогулова Виолетта Игоревна,311,10х,3,Юумогулова_ВИ,3XLUMgKK
444,Рецков Денис Денисович,85,10д,2,Рецков_ДД,qua76ukw
445,Химунина Елизавета Ивановна,392,7д,2,Химунина_ЕИ,748D24T1
446,Кобрянов Александр Алексиевич,455,7т,2,Кобрянов_АА,3pyrBTAt
447,Бирылов Тарас Данилович,243,11а,3,Бирылов_ТД,48gbA68X
448,Туфатулин Ярослав Леонидович,485,8х,4,Туфатулин_ЯЛ,A8JYzcrP
449,Долбишев Николай Аркадиевич,292,10б,5,Долбишев_НА,OtPTXjz2
450,Махтумова Алёна Эдуардовна,186,10б,4,Махтумова_АЭ,3nh5zUCu
451,Нарзаркин Алексей Романович,423,10т,2,Нарзаркин_АР,dnZ0ewTX
452,Куранина Алена Леонидовна,196,9б,4,Куранина_АЛ,cmexg05z
453,Ситюков Аркадий Евгеньевич,32,10в,3,Ситюков_АЕ,WtwwslIW
454,Мизюрова Алиса Никитична,176,7г,4,Мизюрова_АН,nRLl52cD
455,Пандурова Алиса Дмитриевна,130,9б,2,Пандурова_АД,o6MEZozo
456,Жилейкин Борис Тимофеевич,91,7в,2,Жилейкин_БТ,XzbpWHIU
457,Корпункова Виолетта Сергеевна,83,11а,3,Корпункова_ВС,lG4nKIua
458,Пашохонова Анастасия Федоровна,467,9в,4,Пашохонова_АФ,c0UpnyuH
459,Сузальцева Тамара Михайловна,357,8х,4,Сузальцева_ТМ,fR2Lvr1U
460,Чиличкина Светлана Яковлевна,5,8в,5,Чиличкина_СЯ,Sfca6mVF
461,Шантыкова Карина Максимовна,198,10д,3,Шантыкова_КМ,cIgllHpk
462,Недосекин Владислав Яковлевич,457,10а,4,Недосекин_ВЯ,eC7KiNaI
463,Максимкин Федор Фёдорович,172,10г,2,Максимкин_ФФ,CemLNFp6
464,Матбиюшина Виктория Игоревна,237,8д,2,Матбиюшина_ВИ,1w9ADYEC
465,Шишкунов Герасим Юрьевич,110,8т,4,Шишкунов_ГЮ,1MsxLLtL
466,Сухинин Георгий Алексиевич,475,10х,4,Сухинин_ГА,JAUp0bhl
467,Бисеева Полина Романовна,48,7д,5,Бисеева_ПР,6mXg9hT9
468,Жукулов Михаил Денисович,60,11г,3,Жукулов_МД,3dJeTWKS
469,Тоняев Герасим Петрович,378,9т,5,Тоняев_ГП,b7Cwo826
470,Шушенкова Алёна Олеговна,36,7и,2,Шушенкова_АО,FqfPvbMx
471,Разроев Дмитрий Павлович,59,9а,2,Разроев_ДП,8NCC8t0M
472,Баззаев Анатолий Данилович,339,9д,2,Баззаев_АД,VZ3OZi5J
473,Цекова Алла Олеговна,50,8д,2,Цекова_АО,jj3v8N1K
474,Аборонова Алиса Алексеевна,444,7г,5,Аборонова_АА,32HKYu4z
475,Ягловская Ева Олеговна,181,8в,4,Ягловская_ЕО,beNVcosR
476,Шароварова Яна Романовна,175,8а,4,Шароварова_ЯР,W68JWaaV
477,Общев Яков Викторович,466,8а,4,Общев_ЯВ,I0XTFORj
478,Ойзерская Катерина Эдуардовна,120,7х,2,Ойзерская_КЭ,1Ej15j9j
479,Прусский Ярослав Иванович,479,11б,2,Прусский_ЯИ,RXYaAZc0
480,Лабинов Павел Алексеевич,272,7б,5,Лабинов_ПА,lrUFKzLU
481,Покровов Эдуард Павлович,312,8б,2,Покровов_ЭП,v06XEaSf
482,Мачехин Эдуард Данилович,19,7д,3,Мачехин_ЭД,ftXFnERb
483,Кодорская Раиса Ивановна,27,11б,3,Кодорская_РИ,k5PtaKnR
484,Кондраева Марина Ивановна,469,9д,3,Кондраева_МИ,k0B55cEE
485,Бульенков Валентин Иванович,136,10т,4,Бульенков_ВИ,moFcIbUC
486,Тагакова Вероника Яковлевна,393,8т,4,Тагакова_ВЯ,Ec9EIrYG
487,Гершанова Любовь Евгеньевна,383,11т,5,Гершанова_ЛЕ,xsac1C17
488,Салина Алена Егоровна,73,11в,5,Салина_АЕ,FBxZCl7a
489,Фрумова Зинаида Аркадьевна,78,8а,4,Фрумова_ЗА,0o6iUFU2
490,Хорняков Борис Борисович,13,8г,2,Хорняков_ББ,ktbBdla1
491,Гдагазина Лиза Василевна,212,9т,5,Гдагазина_ЛВ,H6yu2x8C
492,Агаршев Ярослав Михаилович,276,9т,2,Агаршев_ЯМ,GgWxCK50
493,Корюшин Пётр Антонович,326,8х,2,Корюшин_ПА,MXB4iy2N
494,Калаев Пётр Алексиевич,68,8а,3,Калаев_ПА,v3zlGSWM
495,Ккаталкина Виолетта Егоровна,53,7б,2,Ккаталкина_ВЕ,4mPVqy3W
496,Рачнов Герасим Алексеевич,103,10а,5,Рачнов_ГА,shiOROeH
497,Миндубаева Людмила Леонидовна,477,11и,2,Миндубаева_ЛЛ,tCPXvgYn
498,Агафьева Вера Ивановна,352,11х,3,Агафьева_ВИ,qE1au3jj
499,Житин Эдуард Адамович,481,9а,5,Житин_ЭА,gu0Jzlgi
